company,authority_score,authority_source,authority_reason,reachability_score,reachability_source,reachability_reason,budget_score,budget_source,budget_reason,release_source,timing_source
Demo Company 1,23,https://google.com,Demo Company 1: Fictional HRIS leadership with purchasing influence.,22,https://google.com,Demo Company 1: Fictional introduction and willingness to evaluate.,18,https://google.com,Demo Company 1: Fictional purchase timeline and available budget.,https://google.com,https://google.com
Demo Company 2,25,https://google.com,Demo Company 2: Fictional HRIS leadership with purchasing influence.,25,https://google.com,Demo Company 2: Fictional introduction and willingness to evaluate.,20,https://google.com,Demo Company 2: Fictional purchase timeline and available budget.,https://google.com,https://google.com
Demo Company 3,24,https://google.com,Demo Company 3: Fictional HRIS leadership with purchasing influence.,23,https://google.com,Demo Company 3: Fictional introduction and willingness to evaluate.,19,https://google.com,Demo Company 3: Fictional purchase timeline and available budget.,https://google.com,https://google.com
Demo Company 4,22,https://google.com,Demo Company 4: Fictional HRIS leadership with purchasing influence.,21,https://google.com,Demo Company 4: Fictional introduction and willingness to evaluate.,17,https://google.com,Demo Company 4: Fictional purchase timeline and available budget.,https://google.com,https://google.com
Demo Company 5,20,https://google.com,Demo Company 5: Fictional HRIS leadership with purchasing influence.,19,https://google.com,Demo Company 5: Fictional introduction and willingness to evaluate.,16,https://google.com,Demo Company 5: Fictional purchase timeline and available budget.,https://google.com,https://google.com
Demo Company 6,18,https://google.com,Demo Company 6: Fictional HRIS leadership with purchasing influence.,17,https://google.com,Demo Company 6: Fictional introduction and willingness to evaluate.,14,https://google.com,Demo Company 6: Fictional purchase timeline and available budget.,https://google.com,https://google.com
Demo Company 7,16,https://google.com,Demo Company 7: Fictional HRIS leadership with purchasing influence.,15,https://google.com,Demo Company 7: Fictional introduction and willingness to evaluate.,12,https://google.com,Demo Company 7: Fictional purchase timeline and available budget.,https://google.com,https://google.com
Demo Company 8,14,https://google.com,Demo Company 8: Fictional HRIS leadership with purchasing influence.,13,https://google.com,Demo Company 8: Fictional introduction and willingness to evaluate.,11,https://google.com,Demo Company 8: Fictional purchase timeline and available budget.,https://google.com,https://google.com
Demo Company 9,10,https://google.com,Demo Company 9: Fictional HRIS leadership with purchasing influence.,10,https://google.com,Demo Company 9: Fictional introduction and willingness to evaluate.,8,https://google.com,Demo Company 9: Fictional purchase timeline and available budget.,https://google.com,https://google.com
